{"v":"5.5.9","fr":30,"ip":0,"op":168,"w":400,"h":400,"nm":"tutorial_Refresh","ddd":0,"assets":[],"layers":[{"ddd":0,"ind":1,"ty":3,"nm":"masterLoader","parent":2,"sr":1,"ks":{"o":{"a":0,"k":0,"ix":11},"r":{"a":0,"k":0,"ix":10},"p":{"a":0,"k":[0,-52,0],"ix":2},"a":{"a":0,"k":[0,0,0],"ix":1},"s":{"a":0,"k":[60,60,100],"ix":6}},"ao":0,"ip":0,"op":168,"st":0,"bm":0},{"ddd":0,"ind":2,"ty":3,"nm":"masterSync","sr":1,"ks":{"o":{"a":0,"k":0,"ix":11},"r":{"a":0,"k":0,"ix":10},"p":{"a":1,"k":[{"i":{"x":0.1,"y":1},"o":{"x":0.48,"y":0.04},"t":27,"s":[200,10,0],"to":[0,30.833,0],"ti":[0,-30.833,0]},{"i":{"x":0.1,"y":0.1},"o":{"x":0.167,"y":0.167},"t":57,"s":[200,195,0],"to":[0,0,0],"ti":[0,0,0]},{"i":{"x":0.52,"y":0.96},"o":{"x":0.9,"y":0},"t":120,"s":[200,195,0],"to":[0,-30.833,0],"ti":[0,30.833,0]},{"t":150,"s":[200,10,0]}],"ix":2},"a":{"a":0,"k":[0,0,0],"ix":1},"s":{"a":0,"k":[100,100,100],"ix":6}},"ao":0,"ip":0,"op":168,"st":0,"bm":0},{"ddd":0,"ind":3,"ty":3,"nm":"masterCursor","parent":2,"sr":1,"ks":{"o":{"a":0,"k":0,"ix":11},"r":{"a":0,"k":0,"ix":10},"p":{"a":0,"k":[0,101,0],"ix":2},"a":{"a":0,"k":[0,0,0],"ix":1},"s":{"a":0,"k":[100,100,100],"ix":6}},"ao":0,"ip":0,"op":168,"st":0,"bm":0},{"ddd":0,"ind":4,"ty":4,"nm":"arrow","parent":6,"sr":1,"ks":{"o":{"a":1,"k":[{"i":{"x":[0.833],"y":[0.833]},"o":{"x":[0.84],"y":[0]},"t":35,"s":[0]},{"i":{"x":[0.833],"y":[0.833]},"o":{"x":[0.167],"y":[0.167]},"t":57,"s":[100]},{"t":67,"s":[0]}],"ix":11},"r":{"a":0,"k":0,"ix":10},"p":{"a":0,"k":[-0.5,-6.321,0],"ix":2},"a":{"a":0,"k":[-0.5,-6.321,0],"ix":1},"s":{"a":0,"k":[100,100,100],"ix":6}},"ao":0,"shapes":[{"ty":"gr","it":[{"ind":0,"ty":"sh","ix":1,"ks":{"a":0,"k":{"i":[[0,0],[0,0],[0,0],[0,0]],"o":[[0,0],[0,0],[0,0],[0,0]],"v":[[0,-28.858],[0,-43],[0,-57.142],[14.142,-43]],"c":true},"ix":2},"nm":"Path 1","mn":"ADBE Vector Shape - Group","hd":false},{"ty":"st","c":{"a":0,"k":[0.133333333333,0.160784313725,0.827450980392,1],"ix":3},"o":{"a":0,"k":100,"ix":4},"w":{"a":0,"k":2,"ix":5},"lc":1,"lj":1,"ml":10,"bm":0,"nm":".anim-selection","mn":"ADBE Vector Graphic - Stroke","hd":false,"cl":"anim-selection"},{"ty":"fl","c":{"a":0,"k":[0.133041127523,0.160273353726,0.827450980392,1],"ix":4},"o":{"a":0,"k":100,"ix":5},"r":1,"bm":0,"nm":".anim-selection","mn":"ADBE Vector Graphic - Fill","hd":false,"cl":"anim-selection"},{"ty":"tr","p":{"a":0,"k":[0,0],"ix":2},"a":{"a":0,"k":[0,0],"ix":1},"s":{"a":0,"k":[100,100],"ix":3},"r":{"a":0,"k":0,"ix":6},"o":{"a":0,"k":100,"ix":7},"sk":{"a":0,"k":0,"ix":4},"sa":{"a":0,"k":0,"ix":5},"nm":"Transform"}],"nm":"Group 1","np":3,"cix":2,"bm":0,"ix":1,"mn":"ADBE Vector Group","hd":false},{"ty":"gr","it":[{"ind":0,"ty":"sh","ix":1,"ks":{"a":0,"k":{"i":[[0,-12.15],[7.962,-7.962],[12.15,0],[7.962,7.962],[0,12.15],[-7.962,7.962],[-12.15,0]],"o":[[0,12.15],[-7.962,7.962],[-12.15,0],[-7.962,-7.962],[0,-12.15],[7.962,-7.962],[12.15,0]],"v":[[43.5,0.5],[30.613,31.613],[-0.5,44.5],[-31.613,31.613],[-44.5,0.5],[-31.613,-30.613],[-0.5,-43.5]],"c":false},"ix":2},"nm":"Path 1","mn":"ADBE Vector Shape - Group","hd":false},{"ty":"st","c":{"a":0,"k":[0.133333333333,0.160784313725,0.827450980392,1],"ix":3},"o":{"a":0,"k":100,"ix":4},"w":{"a":0,"k":9,"ix":5},"lc":1,"lj":1,"ml":10,"bm":0,"nm":".anim-selection","mn":"ADBE Vector Graphic - Stroke","hd":false,"cl":"anim-selection"},{"ty":"tr","p":{"a":0,"k":[0,0],"ix":2},"a":{"a":0,"k":[0,0],"ix":1},"s":{"a":0,"k":[100,100],"ix":3},"r":{"a":0,"k":0,"ix":6},"o":{"a":0,"k":100,"ix":7},"sk":{"a":0,"k":0,"ix":4},"sa":{"a":0,"k":0,"ix":5},"nm":"Transform"}],"nm":"Group 2","np":2,"cix":2,"bm":0,"ix":2,"mn":"ADBE Vector Group","hd":false}],"ip":0,"op":168,"st":0,"bm":0},{"ddd":0,"ind":5,"ty":4,"nm":"spinner","parent":1,"sr":1,"ks":{"o":{"a":1,"k":[{"i":{"x":[0.833],"y":[0.833]},"o":{"x":[0.167],"y":[0.167]},"t":56,"s":[0]},{"i":{"x":[0.833],"y":[0.833]},"o":{"x":[0.167],"y":[0.167]},"t":66,"s":[100]},{"i":{"x":[0.16],"y":[1]},"o":{"x":[0.84],"y":[0]},"t":99,"s":[100]},{"t":119,"s":[0]}],"ix":11},"r":{"a":0,"k":0,"ix":10},"p":{"a":0,"k":[-0.5,0.5,0],"ix":2},"a":{"a":0,"k":[0,0,0],"ix":1},"s":{"a":0,"k":[100,100,100],"ix":6}},"ao":0,"shapes":[{"ty":"gr","it":[{"d":1,"ty":"el","s":{"a":0,"k":[88,88],"ix":2},"p":{"a":0,"k":[0,0],"ix":3},"nm":"Ellipse Path 1","mn":"ADBE Vector Shape - Ellipse","hd":false},{"ty":"st","c":{"a":0,"k":[0.133333333333,0.160784313725,0.827450980392,1],"ix":3},"o":{"a":0,"k":100,"ix":4},"w":{"a":0,"k":9,"ix":5},"lc":1,"lj":1,"ml":10,"bm":0,"nm":".anim-selection","mn":"ADBE Vector Graphic - Stroke","hd":false,"cl":"anim-selection"},{"ty":"tr","p":{"a":0,"k":[0,0],"ix":2},"a":{"a":0,"k":[0,0],"ix":1},"s":{"a":0,"k":[100,100],"ix":3},"r":{"a":0,"k":0,"ix":6},"o":{"a":0,"k":100,"ix":7},"sk":{"a":0,"k":0,"ix":4},"sa":{"a":0,"k":0,"ix":5},"nm":"Transform"}],"nm":"Group 1","np":2,"cix":2,"bm":0,"ix":1,"mn":"ADBE Vector Group","hd":false},{"ty":"tm","s":{"a":1,"k":[{"i":{"x":[0.16],"y":[1]},"o":{"x":[0.167],"y":[0.167]},"t":67,"s":[25]},{"i":{"x":[0.671],"y":[1.001]},"o":{"x":[0.338],"y":[0]},"t":89,"s":[75]},{"i":{"x":[0.88],"y":[0.595]},"o":{"x":[0.636],"y":[0.012]},"t":90,"s":[87.986]},{"i":{"x":[-0.004],"y":[1]},"o":{"x":[0.184],"y":[0.474]},"t":112,"s":[55.025]},{"t":140,"s":[0]}],"ix":1},"e":{"a":0,"k":100,"ix":2},"o":{"a":1,"k":[{"i":{"x":[0.338],"y":[0.683]},"o":{"x":[0.264],"y":[0.143]},"t":57,"s":[0]},{"i":{"x":[0.833],"y":[0.833]},"o":{"x":[0.227],"y":[0.146]},"t":71,"s":[192.518]},{"i":{"x":[0.891],"y":[0.873]},"o":{"x":[0.167],"y":[0.167]},"t":84,"s":[326]},{"i":{"x":[0.009],"y":[1]},"o":{"x":[0.164],"y":[0.292]},"t":106,"s":[683.62]},{"t":132,"s":[958]}],"ix":3},"m":1,"ix":2,"nm":"Trim Paths 1","mn":"ADBE Vector Filter - Trim","hd":false}],"ip":0,"op":168,"st":0,"bm":0},{"ddd":0,"ind":6,"ty":4,"nm":"spinnerBG","parent":1,"sr":1,"ks":{"o":{"a":1,"k":[{"i":{"x":[0.16],"y":[1]},"o":{"x":[0.84],"y":[0]},"t":35,"s":[0]},{"i":{"x":[0.833],"y":[1]},"o":{"x":[0.167],"y":[0]},"t":49,"s":[100]},{"i":{"x":[0.833],"y":[1]},"o":{"x":[0.157],"y":[0]},"t":66,"s":[100]},{"i":{"x":[0.16],"y":[1]},"o":{"x":[0.84],"y":[0]},"t":99,"s":[100]},{"i":{"x":[0.16],"y":[1]},"o":{"x":[0.167],"y":[0]},"t":119,"s":[0]},{"t":141,"s":[0]}],"ix":11},"r":{"a":1,"k":[{"i":{"x":[0.833],"y":[0.833]},"o":{"x":[0.84],"y":[0]},"t":37,"s":[90]},{"i":{"x":[0.833],"y":[0.833]},"o":{"x":[0.167],"y":[0.167]},"t":57,"s":[360]},{"t":67,"s":[511]}],"ix":10},"p":{"a":0,"k":[0,0,0],"ix":2},"a":{"a":0,"k":[0,0,0],"ix":1},"s":{"a":0,"k":[100,100,100],"ix":6}},"ao":0,"shapes":[{"ty":"gr","it":[{"d":1,"ty":"el","s":{"a":0,"k":[148,148],"ix":2},"p":{"a":0,"k":[0,0],"ix":3},"nm":"Ellipse Path 1","mn":"ADBE Vector Shape - Ellipse","hd":false},{"ty":"fl","c":{"a":0,"k":[0.887581646442,0.748353123665,0.748353123665,1],"ix":4},"o":{"a":0,"k":100,"ix":5},"r":1,"bm":0,"nm":".anim-loaderbg","mn":"ADBE Vector Graphic - Fill","hd":false,"cl":"anim-loaderbg"},{"ty":"tr","p":{"a":0,"k":[0,0],"ix":2},"a":{"a":0,"k":[0,0],"ix":1},"s":{"a":0,"k":[100,100],"ix":3},"r":{"a":0,"k":0,"ix":6},"o":{"a":0,"k":100,"ix":7},"sk":{"a":0,"k":0,"ix":4},"sa":{"a":0,"k":0,"ix":5},"nm":"Transform"}],"nm":"Group 1","np":2,"cix":2,"bm":0,"ix":1,"mn":"ADBE Vector Group","hd":false}],"ip":0,"op":168,"st":0,"bm":0},{"ddd":0,"ind":7,"ty":4,"nm":"cursor","parent":3,"sr":1,"ks":{"o":{"a":0,"k":100,"ix":11},"r":{"a":0,"k":0,"ix":10},"p":{"a":0,"k":[17.375,43.917,0],"ix":2},"a":{"a":0,"k":[17.375,43.917,0],"ix":1},"s":{"a":0,"k":[100,100,100],"ix":6}},"ao":0,"shapes":[{"ty":"gr","it":[{"ind":0,"ty":"sh","ix":1,"ks":{"a":0,"k":{"i":[[0,0],[0,0],[0,0],[0,0]],"o":[[0,0],[0,0],[0,0],[0,0]],"v":[[-0.1,88.934],[25.984,62.866],[62.849,62.866],[-0.1,-0.1]],"c":true},"ix":2},"nm":"Path 1","mn":"ADBE Vector Shape - Group","hd":false},{"ty":"st","c":{"a":0,"k":[1,1,1,1],"ix":3},"o":{"a":0,"k":100,"ix":4},"w":{"a":0,"k":5,"ix":5},"lc":2,"lj":2,"bm":0,"nm":".anim-bg","mn":"ADBE Vector Graphic - Stroke","hd":false,"cl":"anim-bg"},{"ty":"fl","c":{"a":0,"k":[0,0,0,1],"ix":4},"o":{"a":0,"k":100,"ix":5},"r":1,"bm":0,"nm":".anim-default","mn":"ADBE Vector Graphic - Fill","hd":false,"cl":"anim-default"},{"ty":"tr","p":{"a":0,"k":[0,0],"ix":2},"a":{"a":0,"k":[0,0],"ix":1},"s":{"a":0,"k":[100,100],"ix":3},"r":{"a":0,"k":0,"ix":6},"o":{"a":0,"k":100,"ix":7},"sk":{"a":0,"k":0,"ix":4},"sa":{"a":0,"k":0,"ix":5},"nm":"Transform"}],"nm":"Group 1","np":3,"cix":2,"bm":0,"ix":1,"mn":"ADBE Vector Group","hd":false}],"ip":0,"op":168,"st":0,"bm":0},{"ddd":0,"ind":8,"ty":4,"nm":"clickIndicator 2","parent":3,"sr":1,"ks":{"o":{"a":1,"k":[{"i":{"x":[0.58],"y":[1]},"o":{"x":[0.42],"y":[0]},"t":17,"s":[0]},{"i":{"x":[0.58],"y":[1]},"o":{"x":[0.167],"y":[0]},"t":27,"s":[25]},{"i":{"x":[0.1],"y":[1]},"o":{"x":[0.42],"y":[0]},"t":54,"s":[25]},{"t":65,"s":[0]}],"ix":11},"r":{"a":0,"k":0,"ix":10},"p":{"a":0,"k":[0,0,0],"ix":2},"a":{"a":0,"k":[0,0,0],"ix":1},"s":{"a":0,"k":[100,100,100],"ix":6}},"ao":0,"shapes":[{"ty":"gr","it":[{"d":1,"ty":"el","s":{"a":0,"k":[120,120],"ix":2},"p":{"a":0,"k":[0,0],"ix":3},"nm":"Ellipse Path 1","mn":"ADBE Vector Shape - Ellipse","hd":false},{"ty":"st","c":{"a":0,"k":[1,0.549019607843,0.070588235294,1],"ix":3},"o":{"a":0,"k":100,"ix":4},"w":{"a":0,"k":9,"ix":5},"lc":1,"lj":1,"ml":10,"bm":0,"nm":".anim-indicator","mn":"ADBE Vector Graphic - Stroke","hd":false,"cl":"anim-indicator"},{"ty":"fl","c":{"a":0,"k":[1,0.549019607843,0.070588235294,1],"ix":4},"o":{"a":0,"k":100,"ix":5},"r":1,"bm":0,"nm":".anim-indicator","mn":"ADBE Vector Graphic - Fill","hd":false,"cl":"anim-indicator"},{"ty":"tr","p":{"a":0,"k":[0,0],"ix":2},"a":{"a":0,"k":[0,0],"ix":1},"s":{"a":0,"k":[100,100],"ix":3,"x":"var $bm_rt;\n$bm_rt = thisComp.layer('clickIndicator').content('Group 1').transform.scale;"},"r":{"a":0,"k":0,"ix":6},"o":{"a":0,"k":100,"ix":7},"sk":{"a":0,"k":0,"ix":4},"sa":{"a":0,"k":0,"ix":5},"nm":"Transform"}],"nm":"Group 1","np":3,"cix":2,"bm":0,"ix":1,"mn":"ADBE Vector Group","hd":false}],"ip":0,"op":168,"st":0,"bm":0},{"ddd":0,"ind":9,"ty":4,"nm":"clickIndicator","parent":3,"sr":1,"ks":{"o":{"a":1,"k":[{"i":{"x":[0.58],"y":[1]},"o":{"x":[0.9],"y":[0]},"t":6,"s":[0]},{"i":{"x":[0.58],"y":[1]},"o":{"x":[0.42],"y":[0]},"t":17,"s":[100]},{"i":{"x":[0.58],"y":[1]},"o":{"x":[0.167],"y":[0]},"t":27,"s":[50]},{"i":{"x":[0.1],"y":[1]},"o":{"x":[0.42],"y":[0]},"t":54,"s":[50]},{"t":65,"s":[0]}],"ix":11},"r":{"a":0,"k":0,"ix":10},"p":{"a":0,"k":[0,0,0],"ix":2},"a":{"a":0,"k":[0,0,0],"ix":1},"s":{"a":0,"k":[100,100,100],"ix":6}},"ao":0,"shapes":[{"ty":"gr","it":[{"d":1,"ty":"el","s":{"a":0,"k":[120,120],"ix":2},"p":{"a":0,"k":[0,0],"ix":3},"nm":"Ellipse Path 1","mn":"ADBE Vector Shape - Ellipse","hd":false},{"ty":"fl","c":{"a":0,"k":[1,0.741176486015,0.109803922474,1],"ix":4},"o":{"a":0,"k":100,"ix":5},"r":1,"bm":0,"nm":".anim-indicator","mn":"ADBE Vector Graphic - Fill","hd":true,"cl":"anim-indicator"},{"ty":"tr","p":{"a":0,"k":[0,0],"ix":2},"a":{"a":0,"k":[0,0],"ix":1},"s":{"a":1,"k":[{"i":{"x":[0.58,0.58],"y":[1,1]},"o":{"x":[0.9,0.9],"y":[0,0]},"t":6,"s":[50,50]},{"i":{"x":[0.58,0.58],"y":[1,1]},"o":{"x":[0.42,0.42],"y":[0,0]},"t":17,"s":[111,111]},{"i":{"x":[0.58,0.58],"y":[1,1]},"o":{"x":[0.167,0.167],"y":[0,0]},"t":27,"s":[100,100]},{"i":{"x":[0.1,0.1],"y":[1,1]},"o":{"x":[0.42,0.42],"y":[0,0]},"t":54,"s":[100,100]},{"t":65,"s":[50,50]}],"ix":3},"r":{"a":0,"k":0,"ix":6},"o":{"a":0,"k":0,"ix":7},"sk":{"a":0,"k":0,"ix":4},"sa":{"a":0,"k":0,"ix":5},"nm":"Transform"}],"nm":"Group 1","np":2,"cix":2,"bm":0,"ix":1,"mn":"ADBE Vector Group","hd":false},{"ty":"st","c":{"a":0,"k":[1,0.549019634724,0.070588238537,1],"ix":3},"o":{"a":0,"k":100,"ix":4},"w":{"a":0,"k":9,"ix":5},"lc":1,"lj":1,"ml":10,"bm":0,"nm":".anim-indicator","mn":"ADBE Vector Graphic - Stroke","hd":false,"cl":"anim-indicator"}],"ip":0,"op":168,"st":0,"bm":0},{"ddd":0,"ind":10,"ty":4,"nm":"bg","hd":true,"sr":1,"ks":{"o":{"a":0,"k":100,"ix":11},"r":{"a":0,"k":0,"ix":10},"p":{"a":0,"k":[200,200,0],"ix":2},"a":{"a":0,"k":[0,0,0],"ix":1},"s":{"a":0,"k":[100,100,100],"ix":6}},"ao":0,"shapes":[{"ty":"gr","it":[{"ind":0,"ty":"sh","ix":1,"ks":{"a":0,"k":{"i":[[0,0],[0,0],[0,0],[0,0]],"o":[[0,0],[0,0],[0,0],[0,0]],"v":[[200,200],[-200,200],[-200,-200],[200,-200]],"c":true},"ix":2},"nm":"Path 1","mn":"ADBE Vector Shape - Group","hd":false},{"ty":"tr","p":{"a":0,"k":[0,0],"ix":2},"a":{"a":0,"k":[0,0],"ix":1},"s":{"a":0,"k":[100,100],"ix":3},"r":{"a":0,"k":0,"ix":6},"o":{"a":0,"k":100,"ix":7},"sk":{"a":0,"k":0,"ix":4},"sa":{"a":0,"k":0,"ix":5},"nm":"Transform"}],"nm":"Group 1","np":1,"cix":2,"bm":0,"ix":1,"mn":"ADBE Vector Group","hd":false}],"ip":0,"op":168,"st":0,"bm":0}],"markers":[]}